<RefTypes><RefType id="0" name="Journal Article"><Fields><Field id="2" order="10">Author</Field><Field id="3" order="20">Year</Field><Field id="4" order="30">Title</Field><Field id="6" order="40">Journal</Field><Field id="11" order="50">Place Published</Field><Field id="12" order="60">Publisher</Field><Field id="7" order="70">Volume</Field><Field id="8" order="80">Issue</Field><Field id="5" order="90">Pages</Field><Field id="17" order="100">Date</Field><Field id="16" order="110">Type of Article</Field><Field id="32" order="120">Short Title</Field><Field id="29" order="130">Alternate Journal</Field><Field id="24" order="140">ISSN</Field><Field id="43" order="150">Electronic Resource Number</Field><Field id="36" order="160">Original Publication</Field><Field id="37" order="170">Reprint Edition</Field><Field id="38" order="180">Reviewed Item</Field><Field id="30" order="190">Accession Number</Field><Field id="31" order="200">Call Number</Field><Field id="19" order="210">Label</Field><Field id="15" order="220">Keywords</Field><Field id="18" order="230">Abstract</Field><Field id="23" order="240">Notes</Field><Field id="49" order="250">Research Notes</Field><Field id="20" order="260">URL</Field><Field id="44" order="270">Link to PDF</Field><Field id="39" order="280">Author Address</Field><Field id="40" order="290">Image</Field><Field id="41" order="300">Caption</Field><Field id="51" order="310">Access Date</Field><Field id="34" order="320">key</Field><Field id="33" order="330">owner</Field><Field id="28" order="340">crossref</Field><Field id="27" order="350">entrytype</Field><Field id="26" order="360">comment</Field><Field id="25" order="370">pdf</Field><Field id="52" order="380">Last Modified Date</Field><Field id="45" order="390">Translated Author</Field><Field id="46" order="400">Translated Title</Field><Field id="47" order="410">Name of Database</Field><Field id="48" order="420">Database Provider</Field><Field id="50" order="430">Language</Field></Fields></RefType><RefType id="1" name="Book"><Fields><Field id="2" order="10">Author</Field><Field id="3" order="20">Year</Field><Field id="4" order="30">Title</Field><Field id="10" order="40">Series Editor</Field><Field id="6" order="50">Series Title</Field><Field id="11" order="60">City</Field><Field id="12" order="70">Publisher</Field><Field id="7" order="80">Volume</Field><Field id="9" order="90">Number of Volumes</Field><Field id="5" order="100">Number of Pages</Field><Field id="14" order="110">Edition</Field><Field id="13" order="120">Translator</Field><Field id="32" order="130">Short Title</Field><Field id="29" order="140">Alternate Title</Field><Field id="24" order="150">ISBN</Field><Field id="43" order="160">Electronic Resource Number</Field><Field id="36" order="170">Original Publication</Field><Field id="37" order="180">Reprint Edition</Field><Field id="30" order="190">Accession Number</Field><Field id="31" order="200">Call Number</Field><Field id="19" order="210">Label</Field><Field id="15" order="220">Keywords</Field><Field id="18" order="230">Abstract</Field><Field id="23" order="240">Notes</Field><Field id="49" order="250">Research Notes</Field><Field id="20" order="260">URL</Field><Field id="44" order="270">Link to PDF</Field><Field id="39" order="280">Author Address</Field><Field id="40" order="290">Image</Field><Field id="41" order="300">Caption</Field><Field id="51" order="310">Access Date</Field><Field id="34" order="320">key</Field><Field id="33" order="330">owner</Field><Field id="28" order="340">crossref</Field><Field id="27" order="350">entrytype</Field><Field id="26" order="360">comment</Field><Field id="25" order="370">pdf</Field><Field id="52" order="380">Last Modified Date</Field><Field id="45" order="390">Translated Author</Field><Field id="46" order="400">Translated Title</Field><Field id="47" order="410">Name of Database</Field><Field id="48" order="420">Database Provider</Field><Field id="50" order="430">Language</Field></Fields></RefType><RefType id="2" name="Thesis"><Fields><Field id="2" order="10">Author</Field><Field id="3" order="20">Year</Field><Field id="4" order="30">Title</Field><Field id="6" order="40">Academic Department</Field><Field id="11" order="50">City</Field><Field id="12" order="60">University</Field><Field id="7" order="70">Degree</Field><Field id="5" order="80">Number of Pages</Field><Field id="22" order="90">Advisor</Field><Field id="17" order="100">Date</Field><Field id="16" order="110">Thesis Type</Field><Field id="32" order="120">Short Title</Field><Field id="24" order="130">ISSN/ISBN</Field><Field id="43" order="140">Electronic Resource Number</Field><Field id="30" order="150">Accession Number</Field><Field id="31" order="160">Call Number</Field><Field id="19" order="170">Label</Field><Field id="15" order="180">Keywords</Field><Field id="18" order="190">Abstract</Field><Field id="23" order="200">Notes</Field><Field id="49" order="210">Research Notes</Field><Field id="20" order="220">URL</Field><Field id="44" order="230">Link to PDF</Field><Field id="39" order="240">Author Address</Field><Field id="40" order="250">Image</Field><Field id="41" order="260">Caption</Field><Field id="51" order="270">Access Date</Field><Field id="52" order="280">Last Modified Date</Field><Field id="45" order="290">Translated Author</Field><Field id="46" order="300">Translated Title</Field><Field id="47" order="310">Name of Database</Field><Field id="34" order="320">key</Field><Field id="33" order="330">owner</Field><Field id="28" order="340">crossref</Field><Field id="27" order="350">entrytype</Field><Field id="26" order="360">comment</Field><Field id="25" order="370">pdf</Field><Field id="48" order="380">Database Provider</Field><Field id="50" order="390">Language</Field></Fields></RefType><RefType id="3" name="Conference Proceedings"><Fields><Field id="2" order="10">Author</Field><Field id="3" order="20">Year of Conference</Field><Field id="4" order="30">Title</Field><Field id="10" order="40">Editor</Field><Field id="6" order="50">Conference Name</Field><Field id="11" order="60">Conference Location</Field><Field id="12" order="70">Publisher</Field><Field id="7" order="80">Volume</Field><Field id="9" order="90">Number of Volumes</Field><Field id="5" order="100">Pages</Field><Field id="22" order="110">Series Editor</Field><Field id="21" order="120">Series Title</Field><Field id="14" order="130">Edition</Field><Field id="17" order="140">Date</Field><Field id="13" order="150">Sponsor</Field><Field id="32" order="160">Short Title</Field><Field id="24" order="170">ISBN</Field><Field id="43" order="180">Electronic Resource Number</Field><Field id="30" order="190">Accession Number</Field><Field id="31" order="200">Call Number</Field><Field id="19" order="210">Label</Field><Field id="15" order="220">Keywords</Field><Field id="18" order="230">Abstract</Field><Field id="23" order="240">Notes</Field><Field id="49" order="250">Research Notes</Field><Field id="20" order="260">URL</Field><Field id="44" order="270">Link to PDF</Field><Field id="39" order="280">Author Address</Field><Field id="40" order="290">Image</Field><Field id="41" order="300">Caption</Field><Field id="51" order="310">Access Date</Field><Field id="34" order="320">key</Field><Field id="33" order="330">owner</Field><Field id="28" order="340">crossref</Field><Field id="27" order="350">entrytype</Field><Field id="26" order="360">comment</Field><Field id="25" order="370">pdf</Field><Field id="52" order="380">Last Modified Date</Field><Field id="45" order="390">Translated Author</Field><Field id="46" order="400">Translated Title</Field><Field id="47" order="410">Name of Database</Field><Field id="48" order="420">Database Provider</Field><Field id="50" order="430">Language</Field></Fields></RefType><RefType id="4" name="Personal Communication"><Fields><Field id="2" order="10">Author</Field><Field id="3" order="20">Year</Field><Field id="4" order="30">Title</Field><Field id="10" order="40">Recipient</Field><Field id="11" order="50">City</Field><Field id="12" order="60">Publisher</Field><Field id="5" order="70">Description</Field><Field id="17" order="80">Date</Field><Field id="16" order="90">Type</Field><Field id="32" order="100">Short Title</Field><Field id="24" order="110">ISSN/ISBN</Field><Field id="43" order="120">Electronic Resource Number</Field><Field id="30" order="130">Accession Number</Field><Field id="31" order="140">Call Number</Field><Field id="19" order="150">Label</Field><Field id="15" order="160">Keywords</Field><Field id="18" order="170">Abstract</Field><Field id="23" order="180">Notes</Field><Field id="49" order="190">Research Notes</Field><Field id="20" order="200">URL</Field><Field id="44" order="210">Link to PDF</Field><Field id="39" order="220">Author Address</Field><Field id="40" order="230">Image</Field><Field id="41" order="240">Caption</Field><Field id="51" order="250">Access Date</Field><Field id="52" order="260">Last Modified Date</Field><Field id="45" order="270">Translated Author</Field><Field id="46" order="280">Translated Title</Field><Field id="47" order="290">Name of Database</Field><Field id="48" order="300">Database Provider</Field><Field id="50" order="310">Language</Field><Field id="34" order="320">key</Field><Field id="33" order="330">owner</Field><Field id="28" order="340">crossref</Field><Field id="27" order="350">entrytype</Field><Field id="26" order="360">comment</Field><Field id="25" order="370">pdf</Field><Field id="8" order="380">Number</Field></Fields></RefType><RefType id="5" name="Newspaper Article"><Fields><Field id="2" order="10">Reporter</Field><Field id="3" order="20">Year</Field><Field id="4" order="30">Title</Field><Field id="6" order="40">Newspaper</Field><Field id="11" order="50">City</Field><Field id="7" order="60">Volume</Field><Field id="5" order="70">Pages</Field><Field id="35" order="80">Section</Field><Field id="14" order="90">Edition</Field><Field id="17" order="100">Issue Date</Field><Field id="16" order="110">Type of Article</Field><Field id="32" order="120">Short Title</Field><Field id="24" order="130">ISSN</Field><Field id="43" order="140">Electronic Resource Number</Field><Field id="36" order="150">Original Publication</Field><Field id="37" order="160">Reprint Edition</Field><Field id="38" order="170">Reviewed Item</Field><Field id="30" order="180">Accession Number</Field><Field id="31" order="190">Call Number</Field><Field id="19" order="200">Label</Field><Field id="15" order="210">Keywords</Field><Field id="18" order="220">Abstract</Field><Field id="23" order="230">Notes</Field><Field id="49" order="240">Research Notes</Field><Field id="20" order="250">URL</Field><Field id="44" order="260">Link to PDF</Field><Field id="39" order="270">Author Address</Field><Field id="40" order="280">Image</Field><Field id="41" order="290">Caption</Field><Field id="51" order="300">Access Date</Field><Field id="52" order="310">Last Modified Date</Field><Field id="34" order="320">key</Field><Field id="33" order="330">owner</Field><Field id="28" order="340">crossref</Field><Field id="27" order="350">entrytype</Field><Field id="26" order="360">comment</Field><Field id="25" order="370">pdf</Field><Field id="12" order="380">Publisher</Field><Field id="45" order="390">Translated Author</Field><Field id="46" order="400">Translated Title</Field><Field id="47" order="410">Name of Database</Field><Field id="48" order="420">Database Provider</Field><Field id="50" order="430">Language</Field></Fields></RefType><RefType id="6" name="Computer Program"><Fields><Field id="2" order="10">Programmer</Field><Field id="3" order="20">Year</Field><Field id="4" order="30">Title</Field><Field id="10" order="40">Series Editor</Field><Field id="6" order="50">Series Title</Field><Field id="11" order="60">City</Field><Field id="12" order="70">Publisher</Field><Field id="5" order="80">Description</Field><Field id="14" order="90">Version</Field><Field id="16" order="100">Type</Field><Field id="32" order="110">Short Title</Field><Field id="29" order="120">Alternate Title</Field><Field id="24" order="130">ISBN</Field><Field id="43" order="140">Electronic Resource Number</Field><Field id="36" order="150">Contents</Field><Field id="25" order="160">pdf</Field><Field id="30" order="170">Accession Number</Field><Field id="31" order="180">Call Number</Field><Field id="19" order="190">Label</Field><Field id="15" order="200">Keywords</Field><Field id="18" order="210">Abstract</Field><Field id="23" order="220">Notes</Field><Field id="49" order="230">Research Notes</Field><Field id="20" order="240">URL</Field><Field id="44" order="250">Link to PDF</Field><Field id="39" order="260">Author Address</Field><Field id="40" order="270">Image</Field><Field id="41" order="280">Caption</Field><Field id="51" order="290">Access Date</Field><Field id="52" order="300">Last Modified Date</Field><Field id="45" order="310">Translated Author</Field><Field id="34" order="320">key</Field><Field id="33" order="330">owner</Field><Field id="28" order="340">crossref</Field><Field id="27" order="350">entrytype</Field><Field id="26" order="360">comment</Field><Field id="17" order="370">Date</Field><Field id="46" order="380">Translated Title</Field><Field id="47" order="390">Name of Database</Field><Field id="48" order="400">Database Provider</Field><Field id="50" order="410">Language</Field></Fields></RefType><RefType id="7" name="Book Section"><Fields><Field id="2" order="10">Author</Field><Field id="3" order="20">Year</Field><Field id="4" order="30">Title</Field><Field id="10" order="40">Editor</Field><Field id="6" order="50">Book Title</Field><Field id="11" order="60">City</Field><Field id="12" order="70">Publisher</Field><Field id="7" order="80">Volume</Field><Field id="9" order="90">Number of Volumes</Field><Field id="5" order="100">Pages</Field><Field id="22" order="110">Series Editor</Field><Field id="21" order="120">Series Title</Field><Field id="14" order="130">Edition</Field><Field id="13" order="140">Translator</Field><Field id="32" order="150">Short Title</Field><Field id="29" order="160">Alternate Title</Field><Field id="24" order="170">ISBN</Field><Field id="43" order="180">Electronic Resource Number</Field><Field id="36" order="190">Original Publication</Field><Field id="37" order="200">Reprint Edition</Field><Field id="38" order="210">Reviewed Item</Field><Field id="30" order="220">Accession Number</Field><Field id="31" order="230">Call Number</Field><Field id="19" order="240">Label</Field><Field id="15" order="250">Keywords</Field><Field id="18" order="260">Abstract</Field><Field id="23" order="270">Notes</Field><Field id="49" order="280">Research Notes</Field><Field id="20" order="290">URL</Field><Field id="44" order="300">Link to PDF</Field><Field id="39" order="310">Author Address</Field><Field id="35" order="320">Section</Field><Field id="16" order="330">Type of Work</Field><Field id="34" order="340">key</Field><Field id="33" order="350">owner</Field><Field id="28" order="360">crossref</Field><Field id="27" order="370">entrytype</Field><Field id="26" order="380">comment</Field><Field id="25" order="390">pdf</Field><Field id="17" order="400">Date</Field><Field id="40" order="410">Image</Field><Field id="41" order="420">Caption</Field><Field id="51" order="430">Access Date</Field><Field id="52" order="440">Last Modified Date</Field><Field id="45" order="450">Translated Author</Field><Field id="46" order="460">Translated Title</Field><Field id="47" order="470">Name of Database</Field><Field id="48" order="480">Database Provider</Field><Field id="50" order="490">Language</Field></Fields></RefType><RefType id="8" name="Magazine Article"><Fields><Field id="2" order="10">Author</Field><Field id="3" order="20">Year</Field><Field id="4" order="30">Title</Field><Field id="6" order="40">Magazine</Field><Field id="7" order="50">Volume</Field><Field id="8" order="60">Issue Number</Field><Field id="5" order="70">Pages</Field><Field id="14" order="80">Edition</Field><Field id="17" order="90">Date</Field><Field id="16" order="100">Type of Article</Field><Field id="32" order="110">Short Title</Field><Field id="29" order="120">Alternate Magazine</Field><Field id="24" order="130">ISSN</Field><Field id="43" order="140">Electronic Resource Number</Field><Field id="36" order="150">Original Publication</Field><Field id="37" order="160">Reprint Edition</Field><Field id="38" order="170">Reviewed Item</Field><Field id="30" order="180">Accession Number</Field><Field id="31" order="190">Call Number</Field><Field id="19" order="200">Label</Field><Field id="15" order="210">Keywords</Field><Field id="18" order="220">Abstract</Field><Field id="23" order="230">Notes</Field><Field id="49" order="240">Research Notes</Field><Field id="20" order="250">URL</Field><Field id="44" order="260">Link to PDF</Field><Field id="39" order="270">Author Address</Field><Field id="40" order="280">Image</Field><Field id="41" order="290">Caption</Field><Field id="51" order="300">Access Date</Field><Field id="52" order="310">Last Modified Date</Field><Field id="34" order="320">key</Field><Field id="33" order="330">owner</Field><Field id="28" order="340">crossref</Field><Field id="27" order="350">entrytype</Field><Field id="26" order="360">comment</Field><Field id="25" order="370">pdf</Field><Field id="12" order="380">Publisher</Field><Field id="45" order="390">Translated Author</Field><Field id="46" order="400">Translated Title</Field><Field id="47" order="410">Name of Database</Field><Field id="48" order="420">Database Provider</Field><Field id="50" order="430">Language</Field></Fields></RefType><RefType id="9" name="Edited Book"><Fields><Field id="2" order="10">Editor</Field><Field id="3" order="20">Year</Field><Field id="4" order="30">Title</Field><Field id="10" order="40">Series Editor</Field><Field id="6" order="50">Series Title</Field><Field id="11" order="60">City</Field><Field id="12" order="70">Publisher</Field><Field id="7" order="80">Volume</Field><Field id="9" order="90">Number of Volumes</Field><Field id="5" order="100">Number of Pages</Field><Field id="14" order="110">Edition</Field><Field id="13" order="120">Translator</Field><Field id="32" order="130">Short Title</Field><Field id="29" order="140">Alternate Title</Field><Field id="24" order="150">ISBN</Field><Field id="43" order="160">Electronic Resource Number</Field><Field id="36" order="170">Original Publication</Field><Field id="37" order="180">Reprint Edition</Field><Field id="30" order="190">Accession Number</Field><Field id="31" order="200">Call Number</Field><Field id="19" order="210">Label</Field><Field id="15" order="220">Keywords</Field><Field id="18" order="230">Abstract</Field><Field id="23" order="240">Notes</Field><Field id="49" order="250">Research Notes</Field><Field id="20" order="260">URL</Field><Field id="44" order="270">Link to PDF</Field><Field id="39" order="280">Author Address</Field><Field id="40" order="290">Image</Field><Field id="41" order="300">Caption</Field><Field id="51" order="310">Access Date</Field><Field id="34" order="320">key</Field><Field id="33" order="330">owner</Field><Field id="28" order="340">crossref</Field><Field id="27" order="350">entrytype</Field><Field id="26" order="360">comment</Field><Field id="25" order="370">pdf</Field><Field id="17" order="380">Date</Field><Field id="52" order="390">Last Modified Date</Field><Field id="45" order="400">Translated Author</Field><Field id="46" order="410">Translated Title</Field><Field id="47" order="420">Name of Database</Field><Field id="48" order="430">Database Provider</Field><Field id="50" order="440">Language</Field></Fields></RefType><RefType id="10" name="Report"><Fields><Field id="2" order="10">Author</Field><Field id="3" order="20">Year</Field><Field id="4" order="30">Title</Field><Field id="10" order="40">Series Editor</Field><Field id="6" order="50">Series Title</Field><Field id="11" order="60">City</Field><Field id="12" order="70">Institution</Field><Field id="5" order="80">Pages</Field><Field id="17" order="90">Date</Field><Field id="16" order="100">Type</Field><Field id="32" order="110">Short Title</Field><Field id="29" order="120">Alternate Title</Field><Field id="24" order="130">Report Number</Field><Field id="43" order="140">Electronic Resource Number</Field><Field id="36" order="150">Contents</Field><Field id="30" order="160">Accession Number</Field><Field id="31" order="170">Call Number</Field><Field id="19" order="180">Label</Field><Field id="15" order="190">Keywords</Field><Field id="18" order="200">Abstract</Field><Field id="23" order="210">Notes</Field><Field id="49" order="220">Research Notes</Field><Field id="20" order="230">URL</Field><Field id="44" order="240">Link to PDF</Field><Field id="39" order="250">Author Address</Field><Field id="40" order="260">Image</Field><Field id="41" order="270">Caption</Field><Field id="51" order="280">Access Date</Field><Field id="52" order="290">Last Modified Date</Field><Field id="45" order="300">Translated Author</Field><Field id="46" order="310">Translated Title</Field><Field id="34" order="320">key</Field><Field id="33" order="330">owner</Field><Field id="28" order="340">crossref</Field><Field id="27" order="350">entrytype</Field><Field id="26" order="360">comment</Field><Field id="25" order="370">pdf</Field><Field id="47" order="380">Name of Database</Field><Field id="48" order="390">Database Provider</Field><Field id="50" order="400">Language</Field></Fields></RefType><RefType id="11" name="Map"><Fields><Field id="2" order="10">Cartographer</Field><Field id="3" order="20">Year</Field><Field id="4" order="30">Title</Field><Field id="10" order="40">Series Editor</Field><Field id="6" order="50">Series Title</Field><Field id="11" order="60">City</Field><Field id="12" order="70">Publisher</Field><Field id="5" order="80">Description</Field><Field id="14" order="90">Edition</Field><Field id="17" order="100">Date</Field><Field id="16" order="110">Type</Field><Field id="32" order="120">Short Title</Field><Field id="29" order="130">Alternate Title</Field><Field id="24" order="140">ISBN</Field><Field id="43" order="150">Electronic Resource Number</Field><Field id="25" order="160">Scale</Field><Field id="30" order="170">Accession Number</Field><Field id="31" order="180">Call Number</Field><Field id="19" order="190">Label</Field><Field id="15" order="200">Keywords</Field><Field id="18" order="210">Abstract</Field><Field id="23" order="220">Notes</Field><Field id="49" order="230">Research Notes</Field><Field id="20" order="240">URL</Field><Field id="44" order="250">Link to PDF</Field><Field id="39" order="260">Author Address</Field><Field id="40" order="270">Image</Field><Field id="41" order="280">Caption</Field><Field id="51" order="290">Access Date</Field><Field id="52" order="300">Last Modified Date</Field><Field id="45" order="310">Translated Author</Field><Field id="46" order="320">Translated Title</Field><Field id="47" order="330">Name of Database</Field><Field id="48" order="340">Database Provider</Field><Field id="50" order="350">Language</Field></Fields></RefType><RefType id="12" name="Audiovisual Material"><Fields><Field id="2" order="10">Author</Field><Field id="3" order="20">Year</Field><Field id="4" order="30">Title</Field><Field id="10" order="40">Series Editor</Field><Field id="6" order="50">Series Title</Field><Field id="11" order="60">City</Field><Field id="12" order="70">Publisher</Field><Field id="9" order="80">Extent of Work</Field><Field id="8" order="90">Number</Field><Field id="14" order="100">Edition</Field><Field id="17" order="110">Date</Field><Field id="16" order="120">Type</Field><Field id="13" order="130">Performers</Field><Field id="32" order="140">Short Title</Field><Field id="29" order="150">Alternate Title</Field><Field id="24" order="160">ISBN</Field><Field id="43" order="170">Electronic Resource Number</Field><Field id="36" order="180">Contents</Field><Field id="25" order="190">Cast</Field><Field id="26" order="200">Credits</Field><Field id="33" order="210">Format</Field><Field id="30" order="220">Accession Number</Field><Field id="31" order="230">Call Number</Field><Field id="19" order="240">Label</Field><Field id="15" order="250">Keywords</Field><Field id="18" order="260">Abstract</Field><Field id="23" order="270">Notes</Field><Field id="49" order="280">Research Notes</Field><Field id="20" order="290">URL</Field><Field id="44" order="300">Link to PDF</Field><Field id="39" order="310">Author Address</Field><Field id="40" order="320">Image</Field><Field id="41" order="330">Caption</Field><Field id="51" order="340">Access Date</Field><Field id="52" order="350">Last Modified Date</Field><Field id="45" order="360">Translated Author</Field><Field id="46" order="370">Translated Title</Field><Field id="47" order="380">Name of Database</Field><Field id="48" order="390">Database Provider</Field><Field id="50" order="400">Language</Field></Fields></RefType><RefType id="13" name="Artwork"><Fields><Field id="2" order="10">Artist</Field><Field id="3" order="20">Year</Field><Field id="4" order="30">Title</Field><Field id="11" order="40">City</Field><Field id="12" order="50">Publisher</Field><Field id="5" order="60">Description</Field><Field id="17" order="70">Date</Field><Field id="16" order="80">Type of Work</Field><Field id="32" order="90">Short Title</Field><Field id="29" order="100">Alternate Title</Field><Field id="24" order="110">ISSN/ISBN</Field><Field id="43" order="120">Electronic Resource Number</Field><Field id="30" order="130">Accession Number</Field><Field id="31" order="140">Call Number</Field><Field id="19" order="150">Label</Field><Field id="15" order="160">Keywords</Field><Field id="18" order="170">Abstract</Field><Field id="23" order="180">Notes</Field><Field id="49" order="190">Research Notes</Field><Field id="20" order="200">URL</Field><Field id="44" order="210">Link to PDF</Field><Field id="39" order="220">Author Address</Field><Field id="40" order="230">Image</Field><Field id="41" order="240">Caption</Field><Field id="51" order="250">Access Date</Field><Field id="52" order="260">Last Modified Date</Field><Field id="45" order="270">Translated Author</Field><Field id="46" order="280">Translated Title</Field><Field id="47" order="290">Name of Database</Field><Field id="48" order="300">Database Provider</Field><Field id="50" order="310">Language</Field></Fields></RefType><RefType id="14" name="Unused 1"><Fields></Fields></RefType><RefType id="15" name="Patent"><Fields><Field id="2" order="10">Inventor</Field><Field id="3" order="20">Year</Field><Field id="4" order="30">Title</Field><Field id="10" order="40">Issuing Organization</Field><Field id="6" order="50">Published Source</Field><Field id="11" order="60">Country</Field><Field id="12" order="70">Assignee</Field><Field id="7" order="80">Patent Version Number</Field><Field id="8" order="90">Application Number</Field><Field id="5" order="100">Pages</Field><Field id="35" order="110">International Patent Number</Field><Field id="22" order="120">International Title</Field><Field id="21" order="130">International Author</Field><Field id="14" order="140">International Patent Classification</Field><Field id="17" order="150">Date</Field><Field id="16" order="160">Patent Type</Field><Field id="32" order="170">Short Title</Field><Field id="24" order="180">Patent Number</Field><Field id="43" order="190">Electronic Resource Number</Field><Field id="36" order="200">Priority Numbers</Field><Field id="26" order="210">Issue Date</Field><Field id="27" order="220">Designated States</Field><Field id="28" order="230">Attorney/Agent</Field><Field id="33" order="240">References</Field><Field id="34" order="250">Legal Status</Field><Field id="30" order="260">Accession Number</Field><Field id="31" order="270">Call Number</Field><Field id="19" order="280">Label</Field><Field id="15" order="290">Keywords</Field><Field id="18" order="300">Abstract</Field><Field id="23" order="310">Notes</Field><Field id="49" order="320">Research Notes</Field><Field id="20" order="330">URL</Field><Field id="44" order="340">Link to PDF</Field><Field id="39" order="350">Inventor Address</Field><Field id="40" order="360">Image</Field><Field id="41" order="370">Caption</Field><Field id="51" order="380">Access Date</Field><Field id="52" order="390">Last Modified Date</Field><Field id="45" order="400">Translated Author</Field><Field id="46" order="410">Translated Title</Field><Field id="47" order="420">Name of Database</Field><Field id="48" order="430">Database Provider</Field><Field id="50" order="440">Language</Field></Fields></RefType><RefType id="16" name="Electronic Source"><Fields><Field id="2" order="10">Author</Field><Field id="3" order="20">Year</Field><Field id="4" order="30">Title</Field><Field id="10" order="40">Series Editor</Field><Field id="6" order="50">Series Title</Field><Field id="11" order="60">City</Field><Field id="12" order="70">Publisher</Field><Field id="7" order="80">Access Year</Field><Field id="8" order="90">Access Date</Field><Field id="5" order="100">Description</Field><Field id="14" order="110">Edition</Field><Field id="17" order="120">Last Update Date</Field><Field id="16" order="130">Type of Medium</Field><Field id="32" order="140">Short Title</Field><Field id="29" order="150">Alternate Title</Field><Field id="24" order="160">ISBN</Field><Field id="43" order="170">Electronic Resource Number</Field><Field id="36" order="180">Contents</Field><Field id="30" order="190">Accession Number</Field><Field id="19" order="200">Label</Field><Field id="15" order="210">Keywords</Field><Field id="18" order="220">Abstract</Field><Field id="23" order="230">Notes</Field><Field id="49" order="240">Research Notes</Field><Field id="20" order="250">URL</Field><Field id="44" order="260">Link to PDF</Field><Field id="39" order="270">Author Address</Field><Field id="40" order="280">Image</Field><Field id="41" order="290">Caption</Field><Field id="52" order="300">Last Modified Date</Field><Field id="45" order="310">Translated Author</Field><Field id="34" order="320">key</Field><Field id="33" order="330">owner</Field><Field id="28" order="340">crossref</Field><Field id="27" order="350">entrytype</Field><Field id="26" order="360">comment</Field><Field id="25" order="370">pdf</Field><Field id="46" order="380">Translated Title</Field><Field id="47" order="390">Name of Database</Field><Field id="48" order="400">Database Provider</Field><Field id="50" order="410">Language</Field></Fields></RefType><RefType id="17" name="Bill"><Fields><Field id="3" order="10">Year</Field><Field id="4" order="20">Title</Field><Field id="6" order="30">Code</Field><Field id="7" order="40">Code Volume</Field><Field id="8" order="50">Bill Number</Field><Field id="5" order="60">Code Pages</Field><Field id="35" order="70">Code Section</Field><Field id="21" order="80">Legislative Body</Field><Field id="14" order="90">Session</Field><Field id="17" order="100">Date</Field><Field id="13" order="110">Sponsor</Field><Field id="32" order="120">Short Title</Field><Field id="24" order="130">ISSN/ISBN</Field><Field id="43" order="140">Electronic Resource Number</Field><Field id="36" order="150">History</Field><Field id="30" order="160">Accession Number</Field><Field id="31" order="170">Call Number</Field><Field id="19" order="180">Label</Field><Field id="15" order="190">Keywords</Field><Field id="18" order="200">Abstract</Field><Field id="23" order="210">Notes</Field><Field id="49" order="220">Research Notes</Field><Field id="20" order="230">URL</Field><Field id="44" order="240">Link to PDF</Field><Field id="39" order="250">Author Address</Field><Field id="40" order="260">Image</Field><Field id="41" order="270">Caption</Field><Field id="51" order="280">Access Date</Field><Field id="52" order="290">Last Modified Date</Field><Field id="45" order="300">Translated Author</Field><Field id="46" order="310">Translated Title</Field><Field id="47" order="320">Name of Database</Field><Field id="48" order="330">Database Provider</Field><Field id="50" order="340">Language</Field></Fields></RefType><RefType id="18" name="Case"><Fields><Field id="3" order="10">Year</Field><Field id="4" order="20">Case Name</Field><Field id="6" order="30">Reporter</Field><Field id="12" order="40">Court</Field><Field id="7" order="50">Reporter Volume</Field><Field id="5" order="60">First Page</Field><Field id="17" order="70">Date Decided</Field><Field id="13" order="80">Counsel</Field><Field id="32" order="90">Abbreviated Case Name</Field><Field id="24" order="100">ISSN/ISBN</Field><Field id="43" order="110">Electronic Resource Number</Field><Field id="36" order="120">History</Field><Field id="30" order="130">Accession Number</Field><Field id="31" order="140">Call Number</Field><Field id="19" order="150">Label</Field><Field id="15" order="160">Keywords</Field><Field id="18" order="170">Abstract</Field><Field id="23" order="180">Notes</Field><Field id="49" order="190">Research Notes</Field><Field id="20" order="200">URL</Field><Field id="44" order="210">Link to PDF</Field><Field id="39" order="220">Author Address</Field><Field id="40" order="230">Image</Field><Field id="41" order="240">Caption</Field><Field id="51" order="250">Access Date</Field><Field id="52" order="260">Last Modified Date</Field><Field id="45" order="270">Translated Author</Field><Field id="46" order="280">Translated Title</Field><Field id="47" order="290">Name of Database</Field><Field id="48" order="300">Database Provider</Field><Field id="50" order="310">Language</Field></Fields></RefType><RefType id="19" name="Hearing"><Fields><Field id="3" order="10">Year</Field><Field id="4" order="20">Title</Field><Field id="6" order="30">Committee</Field><Field id="11" order="40">City</Field><Field id="12" order="50">Publisher</Field><Field id="9" order="60">Number of Volumes</Field><Field id="8" order="70">Document Number</Field><Field id="5" order="80">Pages</Field><Field id="21" order="90">Legislative Body</Field><Field id="14" order="100">Session</Field><Field id="17" order="110">Date</Field><Field id="32" order="120">Short Title</Field><Field id="24" order="130">ISSN/ISBN</Field><Field id="43" order="140">Electronic Resource Number</Field><Field id="36" order="150">History</Field><Field id="30" order="160">Accession Number</Field><Field id="31" order="170">Call Number</Field><Field id="19" order="180">Label</Field><Field id="15" order="190">Keywords</Field><Field id="18" order="200">Abstract</Field><Field id="23" order="210">Notes</Field><Field id="49" order="220">Research Notes</Field><Field id="20" order="230">URL</Field><Field id="44" order="240">Link to PDF</Field><Field id="39" order="250">Author Address</Field><Field id="40" order="260">Image</Field><Field id="41" order="270">Caption</Field><Field id="51" order="280">Access Date</Field><Field id="52" order="290">Last Modified Date</Field><Field id="45" order="300">Translated Author</Field><Field id="46" order="310">Translated Title</Field><Field id="47" order="320">Name of Database</Field><Field id="48" order="330">Database Provider</Field><Field id="50" order="340">Language</Field></Fields></RefType><RefType id="20" name="Manuscript"><Fields><Field id="2" order="10">Author</Field><Field id="3" order="20">Year</Field><Field id="4" order="30">Title</Field><Field id="6" order="40">Collection Title</Field><Field id="11" order="50">City</Field><Field id="8" order="60">Number</Field><Field id="5" order="70">Pages</Field><Field id="17" order="80">Date</Field><Field id="16" order="90">Type of Work</Field><Field id="32" order="100">Short Title</Field><Field id="29" order="110">Alternate Title</Field><Field id="24" order="120">ISSN/ISBN</Field><Field id="43" order="130">Electronic Resource Number</Field><Field id="30" order="140">Accession Number</Field><Field id="31" order="150">Call Number</Field><Field id="19" order="160">Label</Field><Field id="15" order="170">Keywords</Field><Field id="18" order="180">Abstract</Field><Field id="23" order="190">Notes</Field><Field id="49" order="200">Research Notes</Field><Field id="20" order="210">URL</Field><Field id="44" order="220">Link to PDF</Field><Field id="39" order="230">Author Address</Field><Field id="40" order="240">Image</Field><Field id="41" order="250">Caption</Field><Field id="51" order="260">Access Date</Field><Field id="52" order="270">Last Modified Date</Field><Field id="45" order="280">Translated Author</Field><Field id="46" order="290">Translated Title</Field><Field id="47" order="300">Name of Database</Field><Field id="48" order="310">Database Provider</Field><Field id="34" order="320">key</Field><Field id="33" order="330">owner</Field><Field id="28" order="340">crossref</Field><Field id="27" order="350">entrytype</Field><Field id="26" order="360">comment</Field><Field id="25" order="370">pdf</Field><Field id="50" order="380">Language</Field></Fields></RefType><RefType id="21" name="Film or Broadcast"><Fields><Field id="2" order="10">Director</Field><Field id="3" order="20">Year Released</Field><Field id="4" order="30">Title</Field><Field id="10" order="40">Series Director</Field><Field id="6" order="50">Series Title</Field><Field id="11" order="60">Country</Field><Field id="12" order="70">Distributor</Field><Field id="5" order="80">Running Time</Field><Field id="22" order="90">Producer</Field><Field id="14" order="100">Edition</Field><Field id="17" order="110">Date Released</Field><Field id="16" order="120">Medium</Field><Field id="13" order="130">Performers</Field><Field id="32" order="140">Short Title</Field><Field id="29" order="150">Alternate Title</Field><Field id="24" order="160">ISBN</Field><Field id="43" order="170">Electronic Resource Number</Field><Field id="25" order="180">Cast</Field><Field id="26" order="190">Credits</Field><Field id="28" order="200">Genre</Field><Field id="33" order="210">Format</Field><Field id="30" order="220">Accession Number</Field><Field id="31" order="230">Call Number</Field><Field id="19" order="240">Label</Field><Field id="15" order="250">Keywords</Field><Field id="18" order="260">Synopsis</Field><Field id="23" order="270">Notes</Field><Field id="49" order="280">Research Notes</Field><Field id="20" order="290">URL</Field><Field id="44" order="300">Link to PDF</Field><Field id="39" order="310">Author Address</Field><Field id="40" order="320">Image</Field><Field id="41" order="330">Caption</Field><Field id="51" order="340">Access Date</Field><Field id="52" order="350">Last Modified Date</Field><Field id="45" order="360">Translated Author</Field><Field id="46" order="370">Translated Title</Field><Field id="47" order="380">Name of Database</Field><Field id="48" order="390">Database Provider</Field><Field id="50" order="400">Language</Field></Fields></RefType><RefType id="22" name="Statute"><Fields><Field id="3" order="10">Year</Field><Field id="4" order="20">Name of Act</Field><Field id="6" order="30">Code</Field><Field id="7" order="40">Code Number</Field><Field id="8" order="50">Public Law Number</Field><Field id="5" order="60">Pages</Field><Field id="35" order="70">Sections</Field><Field id="14" order="80">Session</Field><Field id="17" order="90">Date Enacted</Field><Field id="32" order="100">Short Title</Field><Field id="24" order="110">ISSN/ISBN</Field><Field id="43" order="120">Electronic Resource Number</Field><Field id="36" order="130">History</Field><Field id="30" order="140">Accession Number</Field><Field id="31" order="150">Call Number</Field><Field id="19" order="160">Label</Field><Field id="15" order="170">Keywords</Field><Field id="18" order="180">Abstract</Field><Field id="23" order="190">Notes</Field><Field id="49" order="200">Research Notes</Field><Field id="20" order="210">URL</Field><Field id="44" order="220">Link to PDF</Field><Field id="39" order="230">Author Address</Field><Field id="40" order="240">Image</Field><Field id="41" order="250">Caption</Field><Field id="51" order="260">Access Date</Field><Field id="52" order="270">Last Modified Date</Field><Field id="45" order="280">Translated Author</Field><Field id="46" order="290">Translated Title</Field><Field id="47" order="300">Name of Database</Field><Field id="48" order="310">Database Provider</Field><Field id="50" order="320">Language</Field></Fields></RefType><RefType id="23" name="Unused 2"><Fields></Fields></RefType><RefType id="24" name="Unused 3"><Fields></Fields></RefType><RefType id="25" name="Figure"><Fields><Field id="2" order="10">Created By</Field><Field id="4" order="20">Title</Field><Field id="10" order="30">Name of File</Field><Field id="6" order="40">Image Source Program</Field><Field id="11" order="50">City</Field><Field id="12" order="60">Publisher</Field><Field id="7" order="70">Image Size</Field><Field id="8" order="80">Number</Field><Field id="5" order="90">Description</Field><Field id="14" order="100">Version</Field><Field id="17" order="110">Date</Field><Field id="16" order="120">Type of Image</Field><Field id="24" order="130">ISSN/ISBN</Field><Field id="43" order="140">Electronic Resource Number</Field><Field id="30" order="150">Accession Number</Field><Field id="31" order="160">Call Number</Field><Field id="19" order="170">Label</Field><Field id="15" order="180">Keywords</Field><Field id="18" order="190">Abstract</Field><Field id="23" order="200">Notes</Field><Field id="49" order="210">Research Notes</Field><Field id="20" order="220">URL</Field><Field id="44" order="230">Link to PDF</Field><Field id="39" order="240">Author Address</Field><Field id="40" order="250">Image</Field><Field id="41" order="260">Caption</Field><Field id="51" order="270">Access Date</Field><Field id="52" order="280">Last Modified Date</Field><Field id="45" order="290">Translated Author</Field><Field id="46" order="300">Translated Title</Field><Field id="47" order="310">Name of Database</Field><Field id="48" order="320">Database Provider</Field><Field id="50" order="330">Language</Field></Fields></RefType><RefType id="26" name="Chart or Table"><Fields><Field id="2" order="10">Created By</Field><Field id="3" order="20">Year</Field><Field id="4" order="30">Title</Field><Field id="10" order="40">Name of File</Field><Field id="6" order="50">Image Source Program</Field><Field id="11" order="60">City</Field><Field id="12" order="70">Publisher</Field><Field id="7" order="80">Image Size</Field><Field id="8" order="90">Number</Field><Field id="5" order="100">Description</Field><Field id="14" order="110">Version</Field><Field id="17" order="120">Date</Field><Field id="16" order="130">Type of Image</Field><Field id="24" order="140">ISSN/ISBN</Field><Field id="43" order="150">Electronic Resource Number</Field><Field id="30" order="160">Accession Number</Field><Field id="31" order="170">Call Number</Field><Field id="19" order="180">Label</Field><Field id="15" order="190">Keywords</Field><Field id="18" order="200">Abstract</Field><Field id="23" order="210">Notes</Field><Field id="49" order="220">Research Notes</Field><Field id="20" order="230">URL</Field><Field id="44" order="240">Link to PDF</Field><Field id="39" order="250">Author Address</Field><Field id="40" order="260">Image</Field><Field id="41" order="270">Caption</Field><Field id="51" order="280">Access Date</Field><Field id="52" order="290">Last Modified Date</Field><Field id="45" order="300">Translated Author</Field><Field id="46" order="310">Translated Title</Field><Field id="47" order="320">Name of Database</Field><Field id="48" order="330">Database Provider</Field><Field id="50" order="340">Language</Field></Fields></RefType><RefType id="27" name="Equation"><Fields><Field id="2" order="10">Created By</Field><Field id="3" order="20">Year</Field><Field id="4" order="30">Title</Field><Field id="10" order="40">Name of File</Field><Field id="6" order="50">Image Source Program</Field><Field id="11" order="60">City</Field><Field id="12" order="70">Publisher</Field><Field id="7" order="80">Image Size</Field><Field id="8" order="90">Number</Field><Field id="5" order="100">Description</Field><Field id="14" order="110">Version</Field><Field id="17" order="120">Date</Field><Field id="16" order="130">Type of Image</Field><Field id="24" order="140">ISSN/ISBN</Field><Field id="43" order="150">Electronic Resource Number</Field><Field id="30" order="160">Accession Number</Field><Field id="31" order="170">Call Number</Field><Field id="19" order="180">Label</Field><Field id="15" order="190">Keywords</Field><Field id="18" order="200">Abstract</Field><Field id="23" order="210">Notes</Field><Field id="49" order="220">Research Notes</Field><Field id="20" order="230">URL</Field><Field id="44" order="240">Link to PDF</Field><Field id="39" order="250">Author Address</Field><Field id="40" order="260">Image</Field><Field id="41" order="270">Caption</Field><Field id="51" order="280">Access Date</Field><Field id="52" order="290">Last Modified Date</Field><Field id="45" order="300">Translated Author</Field><Field id="46" order="310">Translated Title</Field><Field id="47" order="320">Name of Database</Field><Field id="48" order="330">Database Provider</Field><Field id="50" order="340">Language</Field></Fields></RefType><RefType id="28" name="Electronic Journal"><Fields><Field id="2" order="10">Author</Field><Field id="3" order="20">Year</Field><Field id="4" order="30">Title</Field><Field id="6" order="40">Journal</Field><Field id="12" order="50">Publisher</Field><Field id="8" order="60">Issue</Field><Field id="5" order="70">Pages</Field><Field id="17" order="80">Date Accessed</Field><Field id="24" order="90">ISSN</Field><Field id="43" order="100">Electronic Resource Number</Field><Field id="30" order="110">Accession Number</Field><Field id="19" order="120">Label</Field><Field id="15" order="130">Keywords</Field><Field id="18" order="140">Abstract</Field><Field id="23" order="150">Notes</Field><Field id="49" order="160">Research Notes</Field><Field id="20" order="170">URL</Field><Field id="44" order="180">Link to PDF</Field><Field id="39" order="190">Author Address</Field><Field id="40" order="200">Image</Field><Field id="41" order="210">Caption</Field><Field id="52" order="220">Last Modified Date</Field><Field id="45" order="230">Translated Author</Field><Field id="46" order="240">Translated Title</Field><Field id="47" order="250">Name of Database</Field><Field id="48" order="260">Database Provider</Field><Field id="50" order="270">Language</Field></Fields></RefType><RefType id="29" name="Electronic Book"><Fields><Field id="2" order="10">Author</Field><Field id="3" order="20">Year</Field><Field id="4" order="30">Title</Field><Field id="12" order="40">Publisher</Field><Field id="7" order="50">Volume</Field><Field id="17" order="60">Date Accessed</Field><Field id="24" order="70">ISBN</Field><Field id="43" order="80">Electronic Resource Number</Field><Field id="30" order="90">Accession Number</Field><Field id="19" order="100">Label</Field><Field id="15" order="110">Keywords</Field><Field id="18" order="120">Abstract</Field><Field id="23" order="130">Notes</Field><Field id="49" order="140">Research Notes</Field><Field id="20" order="150">URL</Field><Field id="44" order="160">Link to PDF</Field><Field id="39" order="170">Author Address</Field><Field id="40" order="180">Image</Field><Field id="41" order="190">Caption</Field><Field id="52" order="200">Last Modified Date</Field><Field id="45" order="210">Translated Author</Field><Field id="46" order="220">Translated Title</Field><Field id="47" order="230">Name of Database</Field><Field id="48" order="240">Database Provider</Field><Field id="50" order="250">Language</Field></Fields></RefType><RefType id="30" name="Online Database"><Fields><Field id="2" order="10">Author</Field><Field id="3" order="20">Year</Field><Field id="4" order="30">Title</Field><Field id="12" order="40">Publisher</Field><Field id="17" order="50">Date Accessed</Field><Field id="24" order="60">ISSN/ISBN</Field><Field id="43" order="70">Electronic Resource Number</Field><Field id="30" order="80">Accession Number</Field><Field id="19" order="90">Label</Field><Field id="15" order="100">Keywords</Field><Field id="18" order="110">Abstract</Field><Field id="23" order="120">Notes</Field><Field id="49" order="130">Research Notes</Field><Field id="20" order="140">URL</Field><Field id="44" order="150">Link to PDF</Field><Field id="39" order="160">Author Address</Field><Field id="40" order="170">Image</Field><Field id="41" order="180">Caption</Field><Field id="52" order="190">Last Modified Date</Field><Field id="45" order="200">Translated Author</Field><Field id="46" order="210">Translated Title</Field><Field id="47" order="220">Name of Database</Field><Field id="48" order="230">Database Provider</Field><Field id="50" order="240">Language</Field></Fields></RefType><RefType id="31" name="Generic"><Fields><Field id="2" order="10">Author</Field><Field id="3" order="20">Year</Field><Field id="4" order="30">Title</Field><Field id="10" order="40">Secondary Author</Field><Field id="6" order="50">Secondary Title</Field><Field id="11" order="60">Place Published</Field><Field id="12" order="70">Publisher</Field><Field id="7" order="80">Volume</Field><Field id="9" order="90">Number of Volumes</Field><Field id="8" order="100">Number</Field><Field id="5" order="110">Pages</Field><Field id="35" order="120">Section</Field><Field id="22" order="130">Tertiary Author</Field><Field id="21" order="140">Tertiary Title</Field><Field id="14" order="150">Edition</Field><Field id="17" order="160">Date</Field><Field id="16" order="170">Type of Work</Field><Field id="13" order="180">Subsidiary Author</Field><Field id="32" order="190">Short Title</Field><Field id="29" order="200">Alternate Title</Field><Field id="24" order="210">ISBN/ISSN</Field><Field id="43" order="220">Electronic Resource Number</Field><Field id="36" order="230">Original Publication</Field><Field id="37" order="240">Reprint Edition</Field><Field id="38" order="250">Reviewed Item</Field><Field id="25" order="260">Custom 1</Field><Field id="26" order="270">Custom 2</Field><Field id="27" order="280">Custom 3</Field><Field id="28" order="290">Custom 4</Field><Field id="33" order="300">Custom 5</Field><Field id="34" order="310">Custom 6</Field><Field id="42" order="320">Custom 7</Field><Field id="30" order="330">Accession Number</Field><Field id="31" order="340">Call Number</Field><Field id="19" order="350">Label</Field><Field id="15" order="360">Keywords</Field><Field id="18" order="370">Abstract</Field><Field id="23" order="380">Notes</Field><Field id="49" order="390">Research Notes</Field><Field id="20" order="400">URL</Field><Field id="44" order="410">Link to PDF</Field><Field id="39" order="420">Author Address</Field><Field id="40" order="430">Image</Field><Field id="41" order="440">Caption</Field><Field id="51" order="450">Access Date</Field><Field id="52" order="460">Last Modified Date</Field><Field id="45" order="470">Translated Author</Field><Field id="46" order="480">Translated Title</Field><Field id="47" order="490">Name of Database</Field><Field id="48" order="500">Database Provider</Field><Field id="50" order="510">Language</Field></Fields></RefType><RefType id="32" name="Government Report or Document"><Fields><Field id="2" order="10">Author</Field><Field id="3" order="20">Year</Field><Field id="4" order="30">Title</Field><Field id="10" order="40">Department</Field><Field id="12" order="50">Publisher</Field><Field id="7" order="60">Volume</Field><Field id="8" order="70">Issue</Field><Field id="5" order="80">Pages</Field><Field id="35" order="90">Section</Field><Field id="14" order="100">Edition</Field><Field id="24" order="110">ISSN/ISBN</Field><Field id="43" order="120">Electronic Resource Number</Field><Field id="30" order="130">Accession Number</Field><Field id="19" order="140">Label</Field><Field id="15" order="150">Keywords</Field><Field id="18" order="160">Abstract</Field><Field id="23" order="170">Notes</Field><Field id="49" order="180">Research Notes</Field><Field id="20" order="190">URL</Field><Field id="44" order="200">Link to PDF</Field><Field id="39" order="210">Author Address</Field><Field id="40" order="220">Image</Field><Field id="41" order="230">Caption</Field><Field id="51" order="240">Access Date</Field><Field id="52" order="250">Last Modified Date</Field><Field id="45" order="260">Translated Author</Field><Field id="46" order="270">Translated Title</Field><Field id="47" order="280">Name of Database</Field><Field id="48" order="290">Database Provider</Field><Field id="50" order="300">Language</Field></Fields></RefType><RefType id="33" name="Conference Paper"><Fields><Field id="2" order="10">Author</Field><Field id="3" order="20">Year</Field><Field id="4" order="30">Title</Field><Field id="6" order="40">Conference Name</Field><Field id="11" order="50">Conference Location</Field><Field id="12" order="60">Publisher</Field><Field id="17" order="70">Date</Field><Field id="24" order="80">ISSN/ISBN</Field><Field id="43" order="90">Electronic Resource Number</Field><Field id="30" order="100">Accession Number</Field><Field id="19" order="110">Label</Field><Field id="15" order="120">Keywords</Field><Field id="18" order="130">Abstract</Field><Field id="23" order="140">Notes</Field><Field id="49" order="150">Research Notes</Field><Field id="20" order="160">URL</Field><Field id="44" order="170">Link to PDF</Field><Field id="39" order="180">Author Address</Field><Field id="40" order="190">Image</Field><Field id="41" order="200">Caption</Field><Field id="51" order="210">Access Date</Field><Field id="52" order="220">Last Modified Date</Field><Field id="45" order="230">Translated Author</Field><Field id="46" order="240">Translated Title</Field><Field id="47" order="250">Name of Database</Field><Field id="48" order="260">Database Provider</Field><Field id="50" order="270">Language</Field></Fields></RefType><RefType id="34" name="Online Multimedia"><Fields><Field id="2" order="10">Created By</Field><Field id="3" order="20">Year</Field><Field id="4" order="30">Title</Field><Field id="17" order="40">Date Accessed</Field><Field id="24" order="50">ISSN/ISBN</Field><Field id="43" order="60">Electronic Resource Number</Field><Field id="30" order="70">Accession Number</Field><Field id="19" order="80">Label</Field><Field id="15" order="90">Keywords</Field><Field id="18" order="100">Abstract</Field><Field id="23" order="110">Notes</Field><Field id="49" order="120">Research Notes</Field><Field id="20" order="130">URL</Field><Field id="44" order="140">Link to PDF</Field><Field id="39" order="150">Author Address</Field><Field id="40" order="160">Image</Field><Field id="41" order="170">Caption</Field><Field id="52" order="180">Last Modified Date</Field><Field id="45" order="190">Translated Author</Field><Field id="46" order="200">Translated Title</Field><Field id="47" order="210">Name of Database</Field><Field id="48" order="220">Database Provider</Field><Field id="50" order="230">Language</Field></Fields></RefType><RefType id="35" name="Classical Works"><Fields><Field id="2" order="10">Attribution</Field><Field id="3" order="20">Year</Field><Field id="4" order="30">Title</Field><Field id="11" order="40">City</Field><Field id="12" order="50">Publisher</Field><Field id="7" order="60">Volume</Field><Field id="16" order="70">Type</Field><Field id="24" order="80">ISSN/ISBN</Field><Field id="43" order="90">Electronic Resource Number</Field><Field id="30" order="100">Accession Number</Field><Field id="19" order="110">Label</Field><Field id="15" order="120">Keywords</Field><Field id="18" order="130">Abstract</Field><Field id="23" order="140">Notes</Field><Field id="49" order="150">Research Notes</Field><Field id="20" order="160">URL</Field><Field id="44" order="170">Link to PDF</Field><Field id="39" order="180">Author Address</Field><Field id="40" order="190">Image</Field><Field id="41" order="200">Caption</Field><Field id="51" order="210">Access Date</Field><Field id="52" order="220">Last Modified Date</Field><Field id="45" order="230">Translated Author</Field><Field id="46" order="240">Translated Title</Field><Field id="47" order="250">Name of Database</Field><Field id="48" order="260">Database Provider</Field><Field id="50" order="270">Language</Field></Fields></RefType><RefType id="36" name="Legal Rule/Regulation"><Fields><Field id="2" order="10">Author</Field><Field id="3" order="20">Year</Field><Field id="4" order="30">Title</Field><Field id="12" order="40">Publisher</Field><Field id="7" order="50">Rule Number</Field><Field id="5" order="60">Pages</Field><Field id="35" order="70">Section Number</Field><Field id="14" order="80">Edition</Field><Field id="17" order="90">Date of Code Edition</Field><Field id="16" order="100">Type of Work</Field><Field id="24" order="110">ISSN/ISBN</Field><Field id="43" order="120">Electronic Resource Number</Field><Field id="30" order="130">Accession Number</Field><Field id="31" order="140">Call Number</Field><Field id="19" order="150">Label</Field><Field id="15" order="160">Keywords</Field><Field id="18" order="170">Abstract</Field><Field id="23" order="180">Notes</Field><Field id="49" order="190">Research Notes</Field><Field id="20" order="200">URL</Field><Field id="44" order="210">Link to PDF</Field><Field id="39" order="220">Author Address</Field><Field id="40" order="230">Image</Field><Field id="41" order="240">Caption</Field><Field id="51" order="250">Access Date</Field><Field id="52" order="260">Last Modified Date</Field><Field id="45" order="270">Translated Author</Field><Field id="46" order="280">Translated Title</Field><Field id="47" order="290">Name of Database</Field><Field id="48" order="300">Database Provider</Field><Field id="50" order="310">Language</Field></Fields></RefType><RefType id="37" name="Unpublished Work"><Fields><Field id="2" order="10">Author</Field><Field id="3" order="20">Year</Field><Field id="4" order="30">Title of Work</Field><Field id="12" order="40">Institution</Field><Field id="8" order="50">Number</Field><Field id="5" order="60">Pages</Field><Field id="16" order="70">Type of Work</Field><Field id="43" order="80">Electronic Resource Number</Field><Field id="19" order="90">Label</Field><Field id="15" order="100">Keywords</Field><Field id="18" order="110">Abstract</Field><Field id="23" order="120">Notes</Field><Field id="49" order="130">Research Notes</Field><Field id="20" order="140">URL</Field><Field id="44" order="150">Link to PDF</Field><Field id="39" order="160">Author Address</Field><Field id="40" order="170">Image</Field><Field id="41" order="180">Caption</Field><Field id="51" order="190">Access Date</Field><Field id="52" order="200">Last Modified Date</Field><Field id="45" order="210">Translated Author</Field><Field id="46" order="220">Translated Title</Field><Field id="47" order="230">Name of Database</Field><Field id="48" order="240">Database Provider</Field><Field id="50" order="250">Language</Field></Fields></RefType></RefTypes>